image,name,price,description,,
https://cdna.4imprint.com/prod/150/213023.jpg,On-the-Move Backpack,10.39,Custom backpacks tote daily essentials and your message!,,
https://cdna.4imprint.com/prod/150/475689.jpg,Kapston Pierce Laptop Backpack - Embroidered,31.15,"This laptop backpack is customized, comfortable and casual!",,
https://cdna.4imprint.com/prod/150/525504.jpg,"4imprint 15"" Laptop Backpack - Embroidered",20.75,Embroider your logo on these customizable backpacks!,,
https://cdna.4imprint.com/prod/150/514769.jpg,"Graphite Dome 15"" Laptop Backpack",9.49,Computer backpacks are perfect for employees and students!,,
https://cdna.4imprint.com/prod/150/528671.jpg,The North Face Groundwork Laptop Backpack,89.95,Store your belongings in a backpack that sports your logo!,,
https://cdna.4imprint.com/prod/150/515982.jpg,Under Armour Hustle II Backpack - Embroidered,56.99,Custom Under Armour backpacks to carry all your gear!,,
https://cdna.4imprint.com/prod/150/421978.jpg,"High Sierra Swerve 17"" Laptop Backpack - Embroidered",63.95,Your embroidered logo could soar to the highest mountaintop!,,
https://cdna.4imprint.com/prod/150/506511.jpg,"Rainier 17"" Laptop Backpack - Embroidered",46.75,Protect your computer when traveling away from home or the office!,,
https://cdna.4imprint.com/prod/150/549992.jpg,Fullerton Sling Bag,5.75,Add your logo to these imprint Exclusive sling bags!,,
https://cdna.4imprint.com/prod/150/533810.jpg,"4imprint Heathered 15"" Laptop Backpack - Embroidered",21.75,On-trend heather backpacks you won't find anywhere else!,,
https://cdna.4imprint.com/prod/150/388220.jpg,Wave Slingpack - Screen,6.95,Add your logo to these customizable slingpacks!,,
https://cdna.4imprint.com/prod/150/468340.jpg,Chic Cooler Backpack,9.75,This custom backpack cooler is one chic promoter!,,
https://cdna.4imprint.com/prod/150/533809.jpg,"4imprint Heathered 15"" Laptop Backpack",19.49,On-trend heather backpacks you won't find anywhere else!,,
https://cdna.4imprint.com/prod/150/433981.jpg,"High Sierra Elite Fly-By 17"" Laptop Backpack - Embroidered",95.95,Fly-By promotions are some of the best ways to increase brand awareness!,,
https://cdna.4imprint.com/prod/150/542299.jpg,"Graphite Dome 15"" Laptop Backpack -  ",9.49,Computer backpacks are perfect for employees and students!,,
https://cdna.4imprint.com/prod/150/321932.jpg,High Sierra Impact Backpack - Embroidered,29.95,Promote around-town or down-under adventures with a gift of gear storage.,,
https://cdna.4imprint.com/prod/150/449736.jpg,Peekskill Backpack,13.25,Send them back to school in style with this personalized backpack!,,
https://cdna.4imprint.com/prod/150/517211.jpg,Field & Co.16 oz. Cotton Convertible Tote,16.55,Custom totes that easily convert based on their needs!,,
https://cdna.4imprint.com/prod/150/29255.jpg,Drawstring Tote Backpack,7.45,Get going with an adventure-ready backpack!,,
https://cdna.4imprint.com/prod/150/550723.jpg,Fullerton Sling Bag -  ,5.75,Add your logo to these imprint Exclusive sling bags!,,
https://cdna.4imprint.com/prod/150/499412.jpg,Berkeley Laptop Backpack,16.65,Let the cat out of the bag and put your laptop in this custom backpack!,,
https://cdna.4imprint.com/prod/150/517361.jpg,"High Sierra Tactical 15"" Laptop Backpack - Embroidered",72.5,Custom tactical backpacks keep them prepared!,,
https://cdna.4imprint.com/prod/150/497397.jpg,Oakley v2 Enduro 20L Backpack,54.59,Promote your brand sportingly upon this imprinted backpack!,,
https://cdna.4imprint.com/prod/150/491468.jpg,Primary Sport Backpack,10.59,Carry your gear with this sporty backpack!,,
https://cdna.4imprint.com/prod/150/530116.jpg,On-the-Move Heathered Backpack - Embroidered,15.49,Get your brand on the move with this imprinted backpack!,,
https://cdna.4imprint.com/prod/150/412841.jpg,Tornado Backpack,8.49,Start your promotional front with a storm of personalized backpacks!,,
https://cdna.4imprint.com/prod/150/530111.jpg,Halmstad Laptop Backpack,14.49,Put your brand on top with these custom backpacks!,,
https://cdna.4imprint.com/prod/150/421976.jpg,elleven Checkpoint-Friendly Laptop Backpack - Embroidered,79.79,Imprint these custom laptop backpacks with your brand!,,
https://cdna.4imprint.com/prod/150/490486.jpg,"Leadville 15"" Laptop Backpack",10.99,Boost your brand with this custom laptop backpack!,,
https://cdna.4imprint.com/prod/150/525503.jpg,"4imprint 15"" Laptop Backpack",18.49,Imprinted backpacks are a must-have for an on-campus promotion!,,
https://cdna.4imprint.com/prod/150/456473.jpg,Essence Backpack,9.99,Show off your promotion on this custom backpack!,,
https://cdna.4imprint.com/prod/150/514973.jpg,"Merchant & Craft Ashton 15"" Laptop Backpack - Embroidered",20.75,Carry your laptop and your brand on your back!,,
https://cdna.4imprint.com/prod/150/526054.jpg,"4imprint 15"" Laptop Backpack - Embroidered -  ",20.75,Quick-shipping backpacks are perfect for your brand!,,
https://cdna.4imprint.com/prod/150/372842.jpg,Sling Shot Slingpack,6.49,Take a shot at advertising success!,,
https://cdna.4imprint.com/prod/150/394004.jpg,Armada Sling,4.99,Wrap your personalized message around your biggest supporters!,,
https://cdna.4imprint.com/prod/150/497398.jpg,Oakley v2 Enduro 22L Backpack,72.75,Raise your brand's promotional endurance with this personalized backpack!,,
https://cdna.4imprint.com/prod/150/409298.jpg,"High Sierra Swerve 17"" Laptop Backpack",59.95,Back up your company position with this imprinted pack!,,
https://cdna.4imprint.com/prod/150/539334.jpg,Branson Backpack Cooler,6.99,Get in front of the pack with these imprinted backpacks!,,
https://cdna.4imprint.com/prod/150/515981.jpg,Under Armour Hustle II Backpack - Full Color,56.99,Hustle to class with these custom Under Armour backpacks!,,
https://cdna.4imprint.com/prod/150/4532.jpg,Park City Backpack,3.89,Park your imprint on something bright!,,
https://cdna.4imprint.com/prod/150/330099.jpg,On-the-Move Backpack -  ,10.39,"This advertiser is moving so fast, you'll have it in no time!",,
https://cdna.4imprint.com/prod/150/525470.jpg,"Wenger Pro II 17"" Laptop Backpack - Embroidered",96.95,Bring attention to your brand with custom laptop backpacks!,,
https://cdna.4imprint.com/prod/150/528673.jpg,The North Face Fall Line Laptop Backpack,120.75,Your brand will surely rise after you imprint on these backpacks!,,
https://cdna.4imprint.com/prod/150/368358.jpg,On-the-Move Backpack - Embroidered,14.75,Get your brand on the move with these imprinted backpacks!,,
https://cdna.4imprint.com/prod/150/534729.jpg,"Crossland 15"" Laptop Backpack - Embroidered -  ",0.95,You won't find these imprint Exclusive backpacks anywhere else!,,
https://cdna.4imprint.com/prod/150/402329.jpg,Field & Co. Vintage Rucksack Backpack,28.59,Bring them swinging tough your branches with this custom carrier!,,
https://cdna.4imprint.com/prod/150/533813.jpg,"Crossland 15"" Laptop Backpack - Embroidered",0.95,You won't find these imprint Exclusive backpacks anywhere else!,,
https://cdna.4imprint.com/prod/150/487751.jpg,Clear Game Cinch Backpack,7.99,Unmistakable logos for a promo bag that packs a punch!,,
https://cdna.4imprint.com/prod/150/490523.jpg,Trendy Sectional Backpack Lunch Set,16.89,Personalize this trendy lunch set!,,
https://cdna.4imprint.com/prod/150/384686.jpg,Cinch Top Backpack,5.35,This uptown bag is packed with features!,,
,,,,,
,,,,,https://www.4imprint.com/tag/99/backpacks
