image src,product_name,price
https://shop.usa.canon.com/wcsstore/ExtendedSitesCatalogAssetStore/rf85mm_1_l.jpg,RF 85mm F1.2 L USM DS,2999.00
https://shop.usa.canon.com/wcsstore/ExtendedSitesCatalogAssetStore/RF-70-200mm-lens-hero_1_l.png,RF 70-200mm F2.8 L IS USM,2699.00
https://shop.usa.canon.com/wcsstore/ExtendedSitesCatalogAssetStore/rf24-70_1_l.jpg,RF 24-70mm F2.8L IS USM,2299.00
https://shop.usa.canon.com/wcsstore/ExtendedSitesCatalogAssetStore/rf15-35_1_l.jpg,RF 15-35mm F2.8L IS USM,2299.00
https://shop.usa.canon.com/wcsstore/ExtendedSitesCatalogAssetStore/rf24-240_1_l.jpg,RF 24-240mm F4-6.3 IS USM,899.99
https://shop.usa.canon.com/wcsstore/ExtendedSitesCatalogAssetStore/new-EFM32-14-STM_1_l.jpg,EF-M 32mm f/1.4 STM,479.99
https://shop.usa.canon.com/wcsstore/ExtendedSitesCatalogAssetStore/new-RF50-12-USM_1_l.jpg,RF 50mm F1.2 L USM,2299.00
https://shop.usa.canon.com/wcsstore/ExtendedSitesCatalogAssetStore/new-RF35-18-MACRO-IS-STM_1_l.jpg,RF 35mm F1.8 Macro IS STM,499.99
https://shop.usa.canon.com/wcsstore/ExtendedSitesCatalogAssetStore/new-EF400-28L-IS-III-USM_1_l.jpg,EF 400mm f/2.8L IS III USM,11999.00
https://shop.usa.canon.com/wcsstore/ExtendedSitesCatalogAssetStore/rf-85mm-f12-l-usm_1_l.jpg,RF 85mm F1.2 L USM,2699.00
https://shop.usa.canon.com/wcsstore/ExtendedSitesCatalogAssetStore/new-EF600-4L-IS-III-USM_1_l.jpg,EF 600mm f/4L IS III USM,12999.00
https://shop.usa.canon.com/wcsstore/ExtendedSitesCatalogAssetStore/ef70-200-28l-isiii-usm_1_l.jpg,EF 70-200mm f/2.8L IS III USM,2099.00
https://shop.usa.canon.com/wcsstore/ExtendedSitesCatalogAssetStore/EF-8-15-Fisheye-USM_1_l.jpg,EF 8-15mm f/4L Fisheye USM,1249.00
https://shop.usa.canon.com/wcsstore/ExtendedSitesCatalogAssetStore/ef10_22_35_45usm_1_l.jpg,EF-S 10-22mm f/3.5-4.5 USM,649.99
https://shop.usa.canon.com/wcsstore/ExtendedSitesCatalogAssetStore/35237_1_l.jpg,EF-S 10-18mm f/4.5-5.6 IS STM,299.99
https://shop.usa.canon.com/wcsstore/ExtendedSitesCatalogAssetStore/36693_1_l.jpg,EF 11-24mm F4L USM,2999.00
https://shop.usa.canon.com/wcsstore/ExtendedSitesCatalogAssetStore/efs15-18_3.5-5.6isusm_1_l.jpg,EF-S 15-85mm f/3.5-5.6 IS USM,799.99
https://shop.usa.canon.com/wcsstore/ExtendedSitesCatalogAssetStore/35239_1_l.jpg,EF 16-35mm f/4L IS USM,1099.00
https://shop.usa.canon.com/wcsstore/ExtendedSitesCatalogAssetStore/ef17-40_4usm_1_l.jpg,EF 17-40mm f/4L USM,799.99
https://shop.usa.canon.com/wcsstore/ExtendedSitesCatalogAssetStore/efs17-55_28isusm_1_l.jpg,EF-S 17-55mm f/2.8 IS USM,879.99
https://shop.usa.canon.com/wcsstore/ExtendedSitesCatalogAssetStore/ef-s-18-55mm-f3-5-5-6-is_1_l.jpg,EF-S 18-55mm f/3.5-5.6 IS,199.99
https://shop.usa.canon.com/wcsstore/ExtendedSitesCatalogAssetStore/double-lens-kit-raised_1_l.jpg,Portrait & Travel 2 Lens Kit,429.99
https://shop.usa.canon.com/wcsstore/ExtendedSitesCatalogAssetStore/EF-S-18-135mm-f35-56-IS-USM-Lens_1_l.jpg,EF-S 18-135mm f/3.5-5.6 IS USM,599.99
https://shop.usa.canon.com/wcsstore/ExtendedSitesCatalogAssetStore/efs18-200_35-56is_1_l.jpg,EF-S 18-200mm f/3.5-5.6 IS,699.99
https://shop.usa.canon.com/wcsstore/ExtendedSitesCatalogAssetStore/24310_1_l.jpg,EF 24-70mm f/2.8L II USM,1899.00
https://shop.usa.canon.com/wcsstore/ExtendedSitesCatalogAssetStore/26226_1_l.jpg,EF 24-70mm f/4L IS USM,899.99
https://shop.usa.canon.com/wcsstore/ExtendedSitesCatalogAssetStore/ef28-300_35-56isusm_1_l.jpg,EF 28-300mm f/3.5-5.6L IS USM,2449.00
https://shop.usa.canon.com/wcsstore/ExtendedSitesCatalogAssetStore/33423_1_l.jpg,EF-S 55-250mm f/4-5.6 IS STM,299.99
https://shop.usa.canon.com/wcsstore/ExtendedSitesCatalogAssetStore/efs55_250_4_56isII_1_l.jpg,EF-S 55-250mm f/4-5.6 IS II,249.99
https://shop.usa.canon.com/wcsstore/ExtendedSitesCatalogAssetStore/ef70-200_28usm_1_l.jpg,EF 70-200mm f/2.8L USM,1349.00
https://shop.usa.canon.com/wcsstore/ExtendedSitesCatalogAssetStore/ef70-200_4usm_1_l.jpg,EF 70-200mm f/4L USM,649.99
https://shop.usa.canon.com/wcsstore/ExtendedSitesCatalogAssetStore/ef-70-300-4-56-is-ii-usm-1_l.jpg,EF 70-300mm f/4-5.6 IS II USM,549.99
https://shop.usa.canon.com/wcsstore/ExtendedSitesCatalogAssetStore/ef70-300456isusm_1_l.jpg,EF 70-300mm f/4-5.6L IS USM,1349.00
https://shop.usa.canon.com/wcsstore/ExtendedSitesCatalogAssetStore/ef70-300_4-56isusm_1_l.jpg,EF 70-300mm f/4-5.6 IS USM,649.99
https://shop.usa.canon.com/wcsstore/ExtendedSitesCatalogAssetStore/ef75_300_4_56iiiu_1_l.jpg,EF 75-300mm f/4-5.6 III USM,234.99
https://shop.usa.canon.com/wcsstore/ExtendedSitesCatalogAssetStore/ef75_300_4_56iii_1_l.jpg,EF 75-300mm f/4-5.6 III,199.99
https://shop.usa.canon.com/wcsstore/ExtendedSitesCatalogAssetStore/36341_1_l.jpg,EF 100-400mm F4.5-5.6L IS II USM,2199.00
https://shop.usa.canon.com/wcsstore/ExtendedSitesCatalogAssetStore/ef14_28iiusm_1_l.jpg,EF 14mm f/2.8L II USM,2099.00
https://shop.usa.canon.com/wcsstore/ExtendedSitesCatalogAssetStore/ef24_14iiusm_1_l.jpg,EF 24mm f/1.4L II USM,1549.00
https://shop.usa.canon.com/wcsstore/ExtendedSitesCatalogAssetStore/24314_1_l.jpg,EF 24mm f/2.8 IS USM,599.99
https://shop.usa.canon.com/wcsstore/ExtendedSitesCatalogAssetStore/36188_1_l.jpg,EF-S 24mm f/2.8 STM,149.99
https://shop.usa.canon.com/wcsstore/ExtendedSitesCatalogAssetStore/24309_1_l.jpg,EF 28mm f/2.8 IS USM,549.99
https://shop.usa.canon.com/wcsstore/ExtendedSitesCatalogAssetStore/EF-35mm-F14-II-USM-Lens_1_l.jpg,EF 35mm f/1.4L II USM,1799.00
https://shop.usa.canon.com/wcsstore/ExtendedSitesCatalogAssetStore/ef35_14usm_1_l.jpg,EF 35mm f/1.4L USM,1099.00
https://shop.usa.canon.com/wcsstore/ExtendedSitesCatalogAssetStore/26228_1_l.jpg,EF 35mm f/2 IS USM,599.99
https://shop.usa.canon.com/wcsstore/ExtendedSitesCatalogAssetStore/24983_1_l.jpg,EF 40mm f/2.8 STM,199.99
https://shop.usa.canon.com/wcsstore/ExtendedSitesCatalogAssetStore/ef50_12usm_1_l.jpg,EF 50mm f/1.2L USM,1449.00
https://shop.usa.canon.com/wcsstore/ExtendedSitesCatalogAssetStore/ef50_14usm_1_l.jpg,EF 50mm f/1.4 USM,399.99
https://shop.usa.canon.com/wcsstore/ExtendedSitesCatalogAssetStore/ef-50mm-f-18-stm_1_l.jpg,EF 50mm f/1.8 STM,125.99
https://shop.usa.canon.com/wcsstore/ExtendedSitesCatalogAssetStore/ef85_12iiusm_1_l.jpg,EF 85mm f/1.2L II USM,1999.00
https://shop.usa.canon.com/wcsstore/ExtendedSitesCatalogAssetStore/EF85-14L-IS-USM_1_l.jpg,EF 85mm f/1.4L IS USM,1599.00
https://shop.usa.canon.com/wcsstore/ExtendedSitesCatalogAssetStore/ef85_18usm_1_l.jpg,EF 85mm f/1.8 USM,419.99
https://shop.usa.canon.com/wcsstore/ExtendedSitesCatalogAssetStore/ef135_2usm_1_l.jpg,EF 135mm f/2L USM,999.99
https://shop.usa.canon.com/wcsstore/ExtendedSitesCatalogAssetStore/ef200_2isusm_1_l.jpg,EF 200mm f/2L IS USM,5699.00
https://shop.usa.canon.com/wcsstore/ExtendedSitesCatalogAssetStore/20981_1_l.jpg,EF 300mm f/2.8L IS II USM,6099.00
https://shop.usa.canon.com/wcsstore/ExtendedSitesCatalogAssetStore/ef300_4isusm_1_l.jpg,EF 300mm f/4L IS USM,1349.00
https://shop.usa.canon.com/wcsstore/ExtendedSitesCatalogAssetStore/32698_1_l.jpg,EF 200-400mm f/4L IS USM Extender 1.4X,10999.00
https://shop.usa.canon.com/wcsstore/ExtendedSitesCatalogAssetStore/36190_1_l.jpg,EF 400mm f/4 DO IS II USM,6899.00
https://shop.usa.canon.com/wcsstore/ExtendedSitesCatalogAssetStore/22094_1_l.jpg,EF 500mm f/4L IS II USM,8999.00
https://shop.usa.canon.com/wcsstore/ExtendedSitesCatalogAssetStore/ef800_56lisu_1_l.jpg,EF 800mm f/5.6L IS USM,12999.00
https://shop.usa.canon.com/wcsstore/ExtendedSitesCatalogAssetStore/20939_1_l.jpg,Extender EF 1.4x III,429.99
https://shop.usa.canon.com/wcsstore/ExtendedSitesCatalogAssetStore/24970_1_l.jpg,Extender EF 2x III,429.99
https://shop.usa.canon.com/wcsstore/ExtendedSitesCatalogAssetStore/efs-35mm-f28-macro-is-stm_3_l.jpg,EF-S 35mm f/2.8 Macro IS STM,349.99
https://shop.usa.canon.com/wcsstore/ExtendedSitesCatalogAssetStore/ef50_25compactmacro_1_l.jpg,EF 50mm f/2.5 Compact Macro,299.99
https://shop.usa.canon.com/wcsstore/ExtendedSitesCatalogAssetStore/efs60_28macrousm_1_l.jpg,EF-S 60mm f/2.8 Macro USM,469.99
https://shop.usa.canon.com/wcsstore/ExtendedSitesCatalogAssetStore/mpe65_28macro_1_l.jpg,MP-E 65mm f/2.8 1-5x Macro Photo,1049.00
https://shop.usa.canon.com/wcsstore/ExtendedSitesCatalogAssetStore/19091_1_l.jpg,EF 100mm f/2.8L Macro IS USM,899.99
https://shop.usa.canon.com/wcsstore/ExtendedSitesCatalogAssetStore/ef100_28macrousm_1_l.jpg,EF 100mm f/2.8 Macro USM,599.99
https://shop.usa.canon.com/wcsstore/ExtendedSitesCatalogAssetStore/ef180_35macrousm_1_l.jpg,EF 180mm f/3.5L Macro USM,1399.00
https://shop.usa.canon.com/wcsstore/ExtendedSitesCatalogAssetStore/tse17_4l_1_l.jpg,TS-E 17mm f/4L,2149.00
https://shop.usa.canon.com/wcsstore/ExtendedSitesCatalogAssetStore/tse24_35lii_1_l.jpg,TS-E 24mm f/3.5L II,1899.00
https://shop.usa.canon.com/wcsstore/ExtendedSitesCatalogAssetStore/TS-E-50-28L-MACRO-1_l.jpg,TS-E 50mm f/2.8L Macro,2199.00
https://shop.usa.canon.com/wcsstore/ExtendedSitesCatalogAssetStore/tse90_28_1_l.jpg,TS-E 90mm f/2.8,1399.00
https://shop.usa.canon.com/wcsstore/ExtendedSitesCatalogAssetStore/TS-E-90-28L-MACRO-1_l.jpg,TS-E 90mm f/2.8L Macro,2199.00
https://shop.usa.canon.com/wcsstore/ExtendedSitesCatalogAssetStore/TS-E-135-4L-MACRO-1_l.jpg,TS-E 135mm f/4L Macro,2199.00
https://shop.usa.canon.com/wcsstore/ExtendedSitesCatalogAssetStore/EF-M-11-22mm-f4-56-IS-STM-Lens_1_l.jpg,EF-M 11-22mm f/4-5.6 IS STM,399.99
https://shop.usa.canon.com/wcsstore/ExtendedSitesCatalogAssetStore/ef-m-15-45_1_l.jpg,EF-M 15-45mm f/3.5-6.3 IS STM,299.99
https://shop.usa.canon.com/wcsstore/ExtendedSitesCatalogAssetStore/ef-m-18-150-35-63-is-stm-is-graphite-1_l.jpg,EF-M 18-150mm f/3.5-6.3 IS STM Lens Graphite,499.99
https://shop.usa.canon.com/wcsstore/ExtendedSitesCatalogAssetStore/25447_1_l.jpg,EF-M 22mm f/2 STM,249.99
https://shop.usa.canon.com/wcsstore/ExtendedSitesCatalogAssetStore/hr-efm28-35macro-is-stm_1b_l.jpg,EF-M 28mm f/3.5 Macro IS STM,299.99
,,
,,
,,
,,
,,
,,
,,
,,
,,
